Journal,ISSN,Article Title,Language,Year,Month,Day,Number of Pages,DOI,Number of Authors
International Journal of Molecular Sciences,14220067,Fatty Acids Composition of Vegetable Oils and Its Contribution to Dietary Energy Intake and Dependence of Cardiovascular Mortality on Dietary Intake of Fatty Acids,en,2015,6,5,20,https://doi.org/10.3390/ijms160612871,5
IEEE Access,21693536,A Survey of 5G Network: Architecture and Emerging Technologies,en,2015,1,1,27,https://doi.org/10.1109/access.2015.2461602,2
IEEE Access,21693536,A Survey of Sparse Representation: Algorithms and Applications,en,2015,1,1,41,https://doi.org/10.1109/access.2015.2430359,5
IEEE Access,21693536,Indoor Office Wideband Millimeter-Wave Propagation Measurements and Channel Models at 28 and 73 GHz for Ultra-Dense 5G Wireless Networks,en,2015,1,1,37,https://doi.org/10.1109/access.2015.2486778,4
IEEE Access,21693536,Software-Defined Network Function Virtualization: A Survey,en,2015,1,1,12,https://doi.org/10.1109/access.2015.2499271,2
IEEE Access,21693536,Ray Tracing for Radio Propagation Modeling: Principles and Applications,en,2015,1,1,12,https://doi.org/10.1109/access.2015.2453991,2
IEEE Access,21693536,Green Internet of Things for Smart World,en,2015,1,1,12,https://doi.org/10.1109/access.2015.2497312,4
IEEE Access,21693536,Detecting APT Malware Infections Based on Malicious DNS and Traffic Analysis,en,2015,1,1,11,https://doi.org/10.1109/access.2015.2458581,4
IEEE Access,21693536,Appliance Scheduling Optimization in Smart Home Networks,en,2015,1,1,15,https://doi.org/10.1109/access.2015.2496117,6
IEEE Access,21693536,Torque Saturation in Bipedal Robotic Walking Through Control Lyapunov Function-Based Quadratic Programs,en,2015,1,1,10,https://doi.org/10.1109/access.2015.2419630,4
IEEE Access,21693536,Artificial Intelligence-Based Techniques for Emerging Heterogeneous Network: State of the Arts Opportunities and Challenges,en,2015,1,1,13,https://doi.org/10.1109/access.2015.2467174,3
IEEE Access,21693536,Channel-level acceleration of deep face representations,en,2015,1,1,13,https://doi.org/10.1109/access.2015.2494536,2
IEEE Access,21693536,Review of Video and Image Defogging Algorithms and Related Studies on Image Restoration and Enhancement,en,2015,12,24,24,https://doi.org/10.1109/access.2015.2511558,4
IEEE Access,21693536,Obstacle Detection and Collision Avoidance for a UAV With Complementary Low-Cost Sensors,en,2015,1,1,11,https://doi.org/10.1109/access.2015.2432455,3
IEEE Access,21693536,High-Performance Extreme Learning Machines: A Complete Toolbox for Big Data Applications,en,2015,1,1,15,https://doi.org/10.1109/access.2015.2450498,4
IEEE Access,21693536,Recent Advances in Industrial Wireless Sensor Networks Toward Efficient Management in IoT,en,2015,1,1,16,https://doi.org/10.1109/access.2015.2435000,4
IEEE Access,21693536,A Cloud-Based Smart-Parking System Based on Internet-of-Things Technologies,en,2015,1,1,11,https://doi.org/10.1109/access.2015.2477299,5
IEEE Access,21693536,A Multi-Objective Optimization Scheduling Method Based on the Ant Colony Algorithm in Cloud Computing,en,2015,1,1,13,https://doi.org/10.1109/access.2015.2508940,5
IEEE Access,21693536,The Internet of Things for Health Care: A Comprehensive Survey,en,2015,1,1,31,https://doi.org/10.1109/access.2015.2437951,5
IEEE Access,21693536,Toward Social Internet of Vehicles: Concept Architecture and Applications,en,2015,1,1,15,https://doi.org/10.1109/access.2015.2416657,3
IEEE Access,21693536,Electric Vehicle Charging on Residential Distribution Systems: Impacts and Mitigations,en,2015,1,1,23,https://doi.org/10.1109/access.2015.2476996,2
International Journal of Molecular Sciences,14220067,Iron Oxide and Titanium Dioxide Nanoparticle Effects on Plant Performance and Root Associated Microbes,en,2015,10,5,21,https://doi.org/10.3390/ijms161023630,8
International Journal of Molecular Sciences,14220067,Heavy Metal Induced Antibiotic Resistance in Bacterium LSJC7,en,2015,9,29,15,https://doi.org/10.3390/ijms161023390,6
International Journal of Molecular Sciences,14220067,No Effect of Omega-3 Fatty Acid Supplementation on Cognition and Mood in Individuals with Cognitive Impairment and Probable Alzheimer’s Disease: A Randomised Controlled Trial,en,2015,10,16,14,https://doi.org/10.3390/ijms161024600,4
International Journal of Molecular Sciences,14220067,Techno-Economic Evaluation of Biodiesel Production from Waste Cooking Oil—A Case Study of Hong Kong,en,2015,2,18,10,https://doi.org/10.3390/ijms16034362,3
International Journal of Molecular Sciences,14220067,Chromium-Induced Ultrastructural Changes and Oxidative Stress in Roots of Arabidopsis thaliana,en,2015,7,13,20,https://doi.org/10.3390/ijms160715852,4
International Journal of Molecular Sciences,14220067,Major Peptides from Amaranth (Amaranthus cruentus) Protein Inhibit HMG-CoA Reductase Activity,en,2015,2,16,11,https://doi.org/10.3390/ijms16024150,5
International Journal of Molecular Sciences,14220067,Ferulic Acid Exerts Anti-Angiogenic and Anti-Tumor Activity by Targeting Fibroblast Growth Factor Receptor 1-Mediated Angiogenesis,en,2015,10,12,21,https://doi.org/10.3390/ijms161024011,3
International Journal of Molecular Sciences,14220067,Mechanical and Anticorrosive Properties of Graphene/Epoxy Resin Composites Coating Prepared by in-Situ Method,en,2015,1,20,13,https://doi.org/10.3390/ijms16012239,9
International Journal of Molecular Sciences,14220067,MicroRNAs in Salivary Exosome as Potential Biomarkers of Aging,en,2015,9,7,16,https://doi.org/10.3390/ijms160921294,10
International Journal of Molecular Sciences,14220067,Long Noncoding RNA MALAT-1 Enhances Stem Cell-Like Phenotypes in Pancreatic Cancer Cells,en,2015,3,24,17,https://doi.org/10.3390/ijms16046677,8
International Journal of Molecular Sciences,14220067,Nutritional Characterization and Phenolic Profiling of Moringa oleifera Leaves Grown in Chad Sahrawi Refugee Camps and Haiti,en,2015,8,12,15,https://doi.org/10.3390/ijms160818923,13
International Journal of Molecular Sciences,14220067,Response of Different Genotypes of Faba Bean Plant to Drought Stress,en,2015,5,5,14,https://doi.org/10.3390/ijms160510214,8
International Journal of Molecular Sciences,14220067,Antiproliferative and Antioxidant Properties of Anthocyanin Rich Extracts from Blueberry and Blackcurrant Juice,en,2015,1,22,14,https://doi.org/10.3390/ijms16022352,5
International Journal of Molecular Sciences,14220067,Biogas Production from Sugarcane Waste: Assessment on Kinetic Challenges for Process Designing,en,2015,8,31,19,https://doi.org/10.3390/ijms160920685,7
International Journal of Molecular Sciences,14220067,3D-Printed ABS and PLA Scaffolds for Cartilage and Nucleus Pulposus Tissue Regeneration,en,2015,7,3,18,https://doi.org/10.3390/ijms160715118,5
International Journal of Molecular Sciences,14220067,Bacterial Cellulose Production from Industrial Waste and by-Product Streams,en,2015,7,1,18,https://doi.org/10.3390/ijms160714832,9
International Journal of Molecular Sciences,14220067,Poly-ε-caprolactone Coated and Functionalized Porous Titanium and Magnesium Implants for Enhancing Angiogenesis in Critically Sized Bone Defects,en,2015,12,22,16,https://doi.org/10.3390/ijms17010001,11
International Journal of Molecular Sciences,14220067,Alternative Bio-Based Solvents for Extraction of Fat and Oils: Solubility Prediction Global Yield Extraction Kinetics Chemical Composition and Cost of Manufacturing,en,2015,4,15,24,https://doi.org/10.3390/ijms16048430,7
International Journal of Molecular Sciences,14220067,Dimethyl Fumarate Protects Neural Stem/Progenitor Cells and Neurons from Oxidative Damage through Nrf2-ERK1/2 MAPK Pathway,en,2015,6,17,23,https://doi.org/10.3390/ijms160613885,9
International Journal of Molecular Sciences,14220067,Rhizobacterial Strain Bacillus megaterium BOFC15 Induces Cellular Polyamine Changes that Improve Plant Growth and Drought Resistance,en,2016,6,21,18,https://doi.org/10.3390/ijms17060976,7
IEEE Access,21693536,4G/5G Multiple Antennas for Future Multi-Mode Smartphone Applications,en,2016,1,1,8,https://doi.org/10.1109/access.2016.2582786,5
IEEE Access,21693536,Internet of Drones,en,2016,1,1,15,https://doi.org/10.1109/access.2016.2537208,3
IEEE Access,21693536,Survey of RF Communications and Sensing Convergence Research,en,2016,12,13,19,https://doi.org/10.1109/access.2016.2639038,3
IEEE Access,21693536,Dynamic User Clustering and Power Allocation for Uplink and Downlink Non-Orthogonal Multiple Access (NOMA) Systems,en,2016,1,1,19,https://doi.org/10.1109/access.2016.2604821,3
IEEE Access,21693536,Reversible data hiding: Advances in the past two decades,en,2016,1,1,28,https://doi.org/10.1109/access.2016.2573308,5
IEEE Access,21693536,5G Backhaul Challenges and Emerging Research Directions: A Survey,en,2016,1,1,24,https://doi.org/10.1109/access.2016.2556011,4
IEEE Access,21693536,Internet of Vehicles: Motivation Layered Architecture Network Model Challenges and Future Aspects,en,2016,1,1,18,https://doi.org/10.1109/access.2016.2603219,7
IEEE Access,21693536,Hand Gesture Recognition Using Micro-Doppler Signatures With Convolutional Neural Network,en,2016,1,1,6,https://doi.org/10.1109/access.2016.2617282,2
IEEE Access,21693536,Energy-Efficient Offloading for Mobile Edge Computing in 5G Heterogeneous Networks,en,2016,1,1,12,https://doi.org/10.1109/access.2016.2597169,9
IEEE Access,21693536,Internet of Things and Big Data Analytics for Smart and Connected Communities,en,2016,1,1,8,https://doi.org/10.1109/access.2016.2529723,4
IEEE Access,21693536,Hybrid MIMO Architectures for Millimeter Wave Communications: Phase Shifters or Switches?,en,2016,1,1,21,https://doi.org/10.1109/access.2015.2514261,5
IEEE Access,21693536,Underwater Optical Wireless Communication,en,2016,1,1,30,https://doi.org/10.1109/access.2016.2552538,2
IEEE Access,21693536,Blockchains and Smart Contracts for the Internet of Things,en,2016,1,1,12,https://doi.org/10.1109/access.2016.2566339,2
IEEE Access,21693536,A Perspective on Deep Imaging,en,2016,1,1,11,https://doi.org/10.1109/access.2016.2624938,1
IEEE Access,21693536,A Secure System For Pervasive Social Network-Based Healthcare,en,2016,1,1,12,https://doi.org/10.1109/access.2016.2645904,3
IEEE Access,21693536,A Survey on High Mobility Wireless Communications: Challenges Opportunities and Solutions,en,2016,1,1,27,https://doi.org/10.1109/access.2016.2518085,2
IEEE Access,21693536,Big Privacy: Challenges and Opportunities of Privacy Study in the Age of Big Data,en,2016,1,1,13,https://doi.org/10.1109/access.2016.2577036,1
International Journal of Molecular Sciences,14220067,Mitochondria Synthesize Melatonin to Ameliorate Its Function and Improve Mice Oocyte’s Quality under in Vitro Conditions,en,2016,6,14,16,https://doi.org/10.3390/ijms17060939,12
International Journal of Molecular Sciences,14220067,Effect of a Prebiotic Formulation on Frailty Syndrome: A Randomized Double-Blind Clinical Trial,en,2016,6,14,12,https://doi.org/10.3390/ijms17060932,10
International Journal of Molecular Sciences,14220067,CD86+/CD206+ Diametrically Polarized Tumor-Associated Macrophages Predict Hepatocellular Carcinoma Patient Prognosis,en,2016,3,1,12,https://doi.org/10.3390/ijms17030320,8
International Journal of Molecular Sciences,14220067,SARS Coronavirus Papain-Like Protease Inhibits the TLR7 Signaling Pathway through Removing Lys63-Linked Polyubiquitination of TRAF3 and TRAF6,en,2016,5,5,10,https://doi.org/10.3390/ijms17050678,9
International Journal of Molecular Sciences,14220067,Ruscogenin Attenuates Cerebral Ischemia-Induced Blood-Brain Barrier Dysfunction by Suppressing TXNIP/NLRP3 Inflammasome Activation and the MAPK Pathway,en,2016,8,29,17,https://doi.org/10.3390/ijms17091418,11
International Journal of Molecular Sciences,14220067,Free Radical Scavenging and Cellular Antioxidant Properties of Astaxanthin,en,2016,1,14,14,https://doi.org/10.3390/ijms17010103,9
International Journal of Molecular Sciences,14220067,Salivary Microbiome Diversity in Caries-Free and Caries-Affected Children,en,2016,11,25,13,https://doi.org/10.3390/ijms17121978,4
International Journal of Molecular Sciences,14220067,The Effect of Hydrofluoric Acid Etching Duration on the Surface Micromorphology Roughness and Wettability of Dental Ceramics,en,2016,5,27,17,https://doi.org/10.3390/ijms17060822,5
International Journal of Molecular Sciences,14220067,Is It Reliable to Use Common Molecular Docking Methods for Comparing the Binding Affinities of Enantiomer Pairs for Their Protein Target?,en,2016,4,20,15,https://doi.org/10.3390/ijms17040525,2
International Journal of Molecular Sciences,14220067,Home-Processed Red Beetroot (Beta vulgaris L.) Products: Changes in Antioxidant Properties and Bioaccessibility,en,2016,6,1,13,https://doi.org/10.3390/ijms17060858,6
International Journal of Molecular Sciences,14220067,The Chemical Composition of Essential Oils from Cinnamomum camphora and Their Insecticidal Activity against the Stored Product Pests,en,2016,11,4,9,https://doi.org/10.3390/ijms17111836,7
International Journal of Molecular Sciences,14220067,Impact of Prematurity and Perinatal Antibiotics on the Developing Intestinal Microbiota: A Functional Inference Study,en,2016,4,29,14,https://doi.org/10.3390/ijms17050649,11
International Journal of Molecular Sciences,14220067,Intra-Articular Injections of Platelet-Rich Plasma versus Hyaluronic Acid in the Treatment of Osteoarthritic Knee Pain: A Randomized Clinical Trial in the Context of the Spanish National Health Care System,en,2016,7,2,13,https://doi.org/10.3390/ijms17071064,10
International Journal of Molecular Sciences,14220067,Plastoglobule-Targeting Competence of a Putative Transit Peptide Sequence from Rice Phytoene Synthase 2 in Plastids,en,2016,12,22,13,https://doi.org/10.3390/ijms18010018,5
International Journal of Molecular Sciences,14220067,Sodium Butyrate Promotes Reassembly of Tight Junctions in Caco-2 Monolayers Involving Inhibition of MLCK/MLC2 Pathway and Phosphorylation of PKCβ2,en,2016,10,10,12,https://doi.org/10.3390/ijms17101696,9
International Journal of Molecular Sciences,14220067,Preparation of Pure and Stable Chitosan Nanofibers by Electrospinning in the Presence of Poly(ethylene oxide),en,2016,10,26,16,https://doi.org/10.3390/ijms17111790,3
International Journal of Molecular Sciences,14220067,Extraction Structural Characterization and Potential Antioxidant Activity of the Polysaccharides from Four Seaweeds,en,2016,11,28,17,https://doi.org/10.3390/ijms17121988,4
International Journal of Molecular Sciences,14220067,Systematic Identification Evolution and Expression Analysis of the Zea mays PHT1 Gene Family Reveals Several New Members Involved in Root Colonization by Arbuscular Mycorrhizal Fungi,en,2016,6,13,18,https://doi.org/10.3390/ijms17060930,10
International Journal of Molecular Sciences,14220067,CD11c+ CD8+ T Cells Reduce Renal Fibrosis Following Ureteric Obstruction by Inducing Fibroblast Apoptosis,en,2016,12,22,12,https://doi.org/10.3390/ijms18010001,6
IEEE Access,21693536,Wireless Chaos-Based Communication Systems: A Comprehensive Survey,en,2016,1,1,28,https://doi.org/10.1109/access.2016.2572730,1
IEEE Access,21693536,DWT Based Detection of Epileptic Seizure From EEG Signals Using Naive Bayes and k-NN Classifiers,en,2016,1,1,12,https://doi.org/10.1109/access.2016.2585661,2
IEEE Access,21693536,Non-Orthogonal Multiple Access (NOMA) for Downlink Multiuser MIMO Systems: User Clustering Beamforming and Power Allocation,en,2016,12,30,13,https://doi.org/10.1109/access.2016.2646183,3
IEEE Access,21693536,Network Traffic Classifier With Convolutional and Recurrent Neural Networks for Internet of Things,en,2017,1,1,9,https://doi.org/10.1109/access.2017.2747560,4
IEEE Access,21693536,DC Microgrid Technology: System Architectures AC Grid Interfaces Grounding Schemes Power Quality Communication Networks Applications and Standardizations Aspects,en,2017,1,1,27,https://doi.org/10.1109/access.2017.2705914,3
IEEE Access,21693536,Critical Review on the Battery State of Charge Estimation Methods for Electric Vehicles,en,2017,12,6,12,https://doi.org/10.1109/access.2017.2780258,5
IEEE Access,21693536,Index Modulation Techniques for Next-Generation Wireless Networks,en,2017,1,1,54,https://doi.org/10.1109/access.2017.2737528,6
IEEE Access,21693536,Action Recognition in Video Sequences using Deep Bi-Directional LSTM With CNN Features,en,2017,11,28,12,https://doi.org/10.1109/access.2017.2778011,5
IEEE Access,21693536,Deep Learning Applications in Medical Image Analysis,en,2017,12,29,15,https://doi.org/10.1109/access.2017.2788044,4
IEEE Access,21693536,A Survey on the Edge Computing for the Internet of Things,en,2017,11,29,20,https://doi.org/10.1109/access.2017.2778504,7
IEEE Access,21693536,A Software Defined Fog Node Based Distributed Blockchain Cloud Architecture for IoT,en,2017,9,29,10,https://doi.org/10.1109/access.2017.2757955,3
IEEE Access,21693536,A Survey on 5G Networks for the Internet of Things: Communication Technologies and Challenges,en,2017,12,4,29,https://doi.org/10.1109/access.2017.2779844,4
IEEE Access,21693536,LSTM Fully Convolutional Networks for Time Series Classification,en,2017,12,4,8,https://doi.org/10.1109/access.2017.2779939,4
IEEE Access,21693536,Disease Prediction by Machine Learning Over Big Data From Healthcare Communities,en,2017,1,1,11,https://doi.org/10.1109/access.2017.2694446,5
IEEE Access,21693536,Digital Twin Shop-Floor: A New Shop-Floor Paradigm Towards Smart Manufacturing,en,2017,1,1,10,https://doi.org/10.1109/access.2017.2756069,2
IEEE Access,21693536,MeDShare: Trust-Less Medical Data Sharing Among Cloud Service Providers via Blockchain,en,2017,1,1,11,https://doi.org/10.1109/access.2017.2730843,6
IEEE Access,21693536,Smart Factory of Industry 4.0: Key Technologies Application Case and Challenges,en,2017,12,14,15,https://doi.org/10.1109/access.2017.2783682,6
IEEE Access,21693536,Internet of Things for Smart Healthcare: Technologies Challenges and Opportunities,en,2017,1,1,24,https://doi.org/10.1109/access.2017.2775180,3
IEEE Access,21693536,A Survey on Mobile Edge Networks: Convergence of Computing Caching and Communications,en,2017,1,1,23,https://doi.org/10.1109/access.2017.2685434,6
IEEE Access,21693536,Big IoT Data Analytics: Architecture Opportunities and Open Research Challenges,en,2017,1,1,15,https://doi.org/10.1109/access.2017.2689040,7
IEEE Access,21693536,A Deep Learning Approach for Intrusion Detection Using Recurrent Neural Networks,en,2017,1,1,8,https://doi.org/10.1109/access.2017.2762418,4
IEEE Access,21693536,Data Mining and Analytics in the Process Industry: The Role of Machine Learning,en,2017,1,1,27,https://doi.org/10.1109/access.2017.2756872,4
IEEE Access,21693536,Machine Learning With Big Data: Challenges and Approaches,en,2017,1,1,22,https://doi.org/10.1109/access.2017.2696365,4
International Journal of Molecular Sciences,14220067,6-Paradol and 6-Shogaol the Pungent Compounds of Ginger Promote Glucose Utilization in Adipocytes and Myotubes and 6-Paradol Reduces Blood Glucose in High-Fat Diet-Fed Mice,en,2017,1,17,18,https://doi.org/10.3390/ijms18010168,9
International Journal of Molecular Sciences,14220067,UVA UVB Light and Methyl Jasmonate Alone or Combined Redirect the Biosynthesis of Glucosinolates Phenolics Carotenoids and Chlorophylls in Broccoli Sprouts,en,2017,11,4,20,https://doi.org/10.3390/ijms18112330,5
International Journal of Molecular Sciences,14220067,Identification of Key Candidate Genes and Pathways in Colorectal Cancer by Integrated Bioinformatical Analysis,en,2017,3,28,15,https://doi.org/10.3390/ijms18040722,4
International Journal of Molecular Sciences,14220067,Clock Genes and Altered Sleep–Wake Rhythms: Their Role in the Development of Psychiatric Disorders,en,2017,4,29,22,https://doi.org/10.3390/ijms18050938,4
International Journal of Molecular Sciences,14220067,Tentative Characterization of Polyphenolic Compounds in the Male Flowers of Phoenix dactylifera by Liquid Chromatography Coupled with Mass Spectrometry and DFT,en,2017,3,2,18,https://doi.org/10.3390/ijms18030512,8
International Journal of Molecular Sciences,14220067,Characterization of hsa_circ_0004277 as a New Biomarker for Acute Myeloid Leukemia via Circular RNA Profile and Bioinformatics Analysis,en,2017,3,9,13,https://doi.org/10.3390/ijms18030597,7
International Journal of Molecular Sciences,14220067,Anti-Inflammatory Properties of Irisin Mediator of Physical Activity Are Connected with TLR4/MyD88 Signaling Pathway Activation,en,2017,3,25,11,https://doi.org/10.3390/ijms18040701,3
International Journal of Molecular Sciences,14220067,Evaluation of Not-Activated and Activated PRP in Hair Loss Treatment: Role of Growth Factor and Cytokine Concentrations Obtained by Different Collection Systems,en,2017,2,14,16,https://doi.org/10.3390/ijms18020408,9
International Journal of Molecular Sciences,14220067,Melatonin and Hippo Pathway: Is There Existing Cross-Talk?,en,2017,9,6,26,https://doi.org/10.3390/ijms18091913,4
International Journal of Molecular Sciences,14220067,Nanosecond-Pulsed DBD Plasma-Generated Reactive Oxygen Species Trigger Immunogenic Cell Death in A549 Lung Carcinoma Cells through Intracellular Oxidative Stress,en,2017,5,3,24,https://doi.org/10.3390/ijms18050966,8
International Journal of Molecular Sciences,14220067,Inhibition of Autophagy Promotes Salinomycin-Induced Apoptosis via Reactive Oxygen Species-Mediated PI3K/AKT/mTOR and ERK/p38 MAPK-Dependent Signaling in Human Prostate Cancer Cells,en,2017,5,18,13,https://doi.org/10.3390/ijms18051088,9
International Journal of Molecular Sciences,14220067,Pneumococcal Colonization in the Familial Context and Implications for Anti-Pneumococcal Immunization in Adults: Results from the BINOCOLO Project in Sicily,en,2017,1,6,15,https://doi.org/10.3390/ijms18010105,6
International Journal of Molecular Sciences,14220067,Osteocalcin Mediates Biomineralization during Osteogenic Maturation in Human Mesenchymal Stromal Cells,en,2017,1,17,13,https://doi.org/10.3390/ijms18010159,6
International Journal of Molecular Sciences,14220067,Polyphenol Oxidases in Crops: Biochemical Physiological and Genetic Aspects,en,2017,2,10,16,https://doi.org/10.3390/ijms18020377,7
International Journal of Molecular Sciences,14220067,Structural Differences between the Lignin-Carbohydrate Complexes (LCCs) from 2- and 24-Month-Old Bamboo (Neosinocalamus affinis),en,2017,12,21,14,https://doi.org/10.3390/ijms19010001,7
International Journal of Molecular Sciences,14220067,Effects of Silver Nanoparticles on Multiple Drug-Resistant Strains of Staphylococcus aureus and Pseudomonas aeruginosa from Mastitis-Infected Goats: An Alternative Approach for Antimicrobial Therapy,en,2017,3,6,22,https://doi.org/10.3390/ijms18030569,3
International Journal of Molecular Sciences,14220067,Short-Term Local Adaptation of Historical Common Bean (Phaseolus vulgaris L.) Varieties and Implications for In Situ Management of Bean Diversity,en,2017,2,28,19,https://doi.org/10.3390/ijms18030493,9
International Journal of Molecular Sciences,14220067,“Bligh and Dyer” and Folch Methods for Solid–Liquid–Liquid Extraction of Lipids from Microorganisms. Comprehension of Solvatation Mechanisms and towards Substitution with Alternative Solvents,en,2017,3,27,21,https://doi.org/10.3390/ijms18040708,5
International Journal of Molecular Sciences,14220067,Designing Smart Biomaterials for Tissue Engineering,en,2017,12,21,14,https://doi.org/10.3390/ijms19010017,2
International Journal of Molecular Sciences,14220067,Characterization of ACE and ACE2 Expression within Different Organs of the NOD Mouse,en,2017,3,5,13,https://doi.org/10.3390/ijms18030563,5
IEEE Access,21693536,EduCTX: A Blockchain-Based Higher Education Credit Platform,en,2018,1,1,16,https://doi.org/10.1109/access.2018.2789929,5
IEEE Access,21693536,Threat of Adversarial Attacks on Deep Learning in Computer Vision: A Survey,en,2018,1,1,21,https://doi.org/10.1109/access.2018.2807385,2
IEEE Access,21693536,Digital Twin and Big Data Towards Smart Manufacturing and Industry 4.0: 360 Degree Comparison,en,2018,1,1,9,https://doi.org/10.1109/access.2018.2793265,2
IEEE Access,21693536,Machine Learning and Deep Learning Methods for Cybersecurity,en,2018,1,1,17,https://doi.org/10.1109/access.2018.2836950,9
IEEE Access,21693536,5G Wireless Network Slicing for eMBB URLLC and mMTC: A Communication-Theoretic View,en,2018,1,1,15,https://doi.org/10.1109/access.2018.2872781,4
IEEE Access,21693536,State-of-the-Art and Energy Management System of Lithium-Ion Batteries in Electric Vehicle Applications: Issues and Recommendations,en,2018,1,1,17,https://doi.org/10.1109/access.2018.2817655,5
IEEE Access,21693536,Benchmark Analysis of Representative Deep Neural Network Architectures,en,2018,1,1,8,https://doi.org/10.1109/access.2018.2877890,4
IEEE Access,21693536,Multi-Agent Systems: A Survey,en,2018,1,1,21,https://doi.org/10.1109/access.2018.2831228,3
IEEE Access,21693536,Identification of Maize Leaf Diseases Using Improved Deep Convolutional Neural Networks,en,2018,1,1,8,https://doi.org/10.1109/access.2018.2844405,5
IEEE Access,21693536,Fog Computing: Survey of Trends Architectures Requirements and Research Directions,en,2018,1,1,30,https://doi.org/10.1109/access.2018.2866491,7
IEEE Access,21693536,A Survey of Deep Learning: Platforms Applications and Emerging Research Trends,en,2018,1,1,22,https://doi.org/10.1109/access.2018.2830661,2
IEEE Access,21693536,Performance Comparison of Support Vector Machine Random Forest and Extreme Learning Machine for Intrusion Detection,en,2018,1,1,7,https://doi.org/10.1109/access.2018.2841987,4
IEEE Access,21693536,Review of Energy Storage System Technologies in Microgrid Applications: Issues and Challenges,en,2018,1,1,22,https://doi.org/10.1109/access.2018.2841407,6
IEEE Access,21693536,A Survey on Industrial Internet of Things: A Cyber-Physical Systems Perspective,en,2018,1,1,22,https://doi.org/10.1109/access.2018.2884906,4
IEEE Access,21693536,Secure Medical Data Transmission Model for IoT-Based Healthcare Systems,en,2018,1,1,13,https://doi.org/10.1109/access.2018.2817615,6
IEEE Access,21693536,Performance Analysis of Google Colaboratory as a Tool for Accelerating Deep Learning Applications,en,2018,1,1,9,https://doi.org/10.1109/access.2018.2874767,6
IEEE Access,21693536,A Survey of Clustering With Deep Learning: From the Perspective of Network Architecture,en,2018,1,1,14,https://doi.org/10.1109/access.2018.2855437,6
IEEE Access,21693536,A Data-Driven Design for Fault Detection of Wind Turbines Using Random Forests and XGboost,en,2018,1,1,12,https://doi.org/10.1109/access.2018.2818678,6
IEEE Access,21693536,Peeking Inside the Black-Box: A Survey on Explainable Artificial Intelligence (XAI),en,2018,1,1,23,https://doi.org/10.1109/access.2018.2870052,2
IEEE Access,21693536,A Blockchain-Based Framework for Data Sharing With Fine-Grained Access Control in Decentralized Storage Systems,en,2018,1,1,14,https://doi.org/10.1109/access.2018.2851611,3
International Journal of Molecular Sciences,14220067,In Vitro Fermentation of Selected Prebiotics and Their Effects on the Composition and Activity of the Adult Gut Microbiota,en,2018,10,10,16,https://doi.org/10.3390/ijms19103097,8
International Journal of Molecular Sciences,14220067,Detection of Aggregation-Competent Tau in Neuron-Derived Extracellular Vesicles,en,2018,2,27,23,https://doi.org/10.3390/ijms19030663,12
International Journal of Molecular Sciences,14220067,Validation of Suitable Housekeeping Genes for the Normalization of mRNA Expression for Studying Tumor Acidosis,en,2018,9,26,15,https://doi.org/10.3390/ijms19102930,5
International Journal of Molecular Sciences,14220067,Exosomes Derived from Human Induced Pluripotent Stem Cells Ameliorate the Aging of Skin Fibroblasts,en,2018,6,9,18,https://doi.org/10.3390/ijms19061715,5
International Journal of Molecular Sciences,14220067,Design of Antibacterial Agents: Alkyl Dihydroxybenzoates against Xanthomonas citri subsp. citri,en,2018,10,6,15,https://doi.org/10.3390/ijms19103050,12
International Journal of Molecular Sciences,14220067,Maize WRKY Transcription Factor ZmWRKY106 Confers Drought and Heat Tolerance in Transgenic Plants,en,2018,10,6,15,https://doi.org/10.3390/ijms19103046,8
International Journal of Molecular Sciences,14220067,Scutellariae Radix and Coptidis Rhizoma Improve Glucose and Lipid Metabolism in T2DM Rats via Regulation of the Metabolic Profiling and MAPK/PI3K/Akt Signaling Pathway,en,2018,11,18,22,https://doi.org/10.3390/ijms19113634,6
International Journal of Molecular Sciences,14220067,Cytotoxic Potential and Molecular Pathway Analysis of Silver Nanoparticles in Human Colon Cancer Cells HCT116,en,2018,8,2,19,https://doi.org/10.3390/ijms19082269,6
International Journal of Molecular Sciences,14220067,Dietary l-Tryptophan Supplementation Enhances the Intestinal Mucosal Barrier Function in Weaned Piglets: Implication of Tryptophan-Metabolizing Microbiota,en,2018,12,21,13,https://doi.org/10.3390/ijms20010020,8
International Journal of Molecular Sciences,14220067,Analysis of Gut Microbiota in Rheumatoid Arthritis Patients: Disease-Related Dysbiosis and Modifications Induced by Etanercept,en,2018,9,27,11,https://doi.org/10.3390/ijms19102938,12
International Journal of Molecular Sciences,14220067,Exosomes Secreted from Induced Pluripotent Stem Cell-Derived Mesenchymal Stem Cells Accelerate Skin Cell Proliferation,en,2018,10,11,16,https://doi.org/10.3390/ijms19103119,4
International Journal of Molecular Sciences,14220067,Combined Analysis of the Fruit Metabolome and Transcriptome Reveals Candidate Genes Involved in Flavonoid Biosynthesis in Actinidia arguta,en,2018,5,15,17,https://doi.org/10.3390/ijms19051471,7
International Journal of Molecular Sciences,14220067,Diet-Independent Correlations between Bacteria and Dysfunction of Gut Adipose Tissue and Liver: A Comprehensive Microbiota Analysis in Feces and Mucosa of the Ileum and Colon in Obese Mice with NAFLD,en,2018,12,20,20,https://doi.org/10.3390/ijms20010001,10
International Journal of Molecular Sciences,14220067,CircSMARCA5 Inhibits Migration of Glioblastoma Multiforme Cells by Regulating a Molecular Axis Involving Splicing Factors SRSF1/SRSF3/PTB,en,2018,2,6,13,https://doi.org/10.3390/ijms19020480,13
International Journal of Molecular Sciences,14220067,Acetylation Disfavors Tau Phase Separation,en,2018,5,4,12,https://doi.org/10.3390/ijms19051360,7
International Journal of Molecular Sciences,14220067,Molecular Evolution of Chloroplast Genomes of Orchid Species: Insights into Phylogenetic Relationship and Adaptive Evolution,en,2018,3,2,20,https://doi.org/10.3390/ijms19030716,6
International Journal of Molecular Sciences,14220067,Bioactive Peptides from Germinated Soybean with Anti-Diabetic Potential by Inhibition of Dipeptidyl Peptidase-IV α-Amylase and α-Glucosidase Enzymes,en,2018,9,22,14,https://doi.org/10.3390/ijms19102883,4
International Journal of Molecular Sciences,14220067,CA 19-9 Pancreatic Tumor Marker Fluorescence Immunosensing Detection via Immobilized Carbon Quantum Dots Conjugated Gold Nanocomposite,en,2018,4,11,16,https://doi.org/10.3390/ijms19041162,3
International Journal of Molecular Sciences,14220067,Regulation of Macrophage Activation and Polarization by HCC-Derived Exosomal lncRNA TUC339,en,2018,9,28,19,https://doi.org/10.3390/ijms19102958,4
International Journal of Molecular Sciences,14220067,Effects of Different Metals on Photosynthesis: Cadmium and Zinc Affect Chlorophyll Fluorescence in Durum Wheat,en,2018,3,9,13,https://doi.org/10.3390/ijms19030787,5
IEEE Access,21693536,Wireless Communications Through Reconfigurable Intelligent Surfaces,en,2019,1,1,21,https://doi.org/10.1109/access.2019.2935192,6
IEEE Access,21693536,Wireless Communications and Applications Above 100 GHz: Opportunities and Challenges for 6G and Beyond,en,2019,1,1,29,https://doi.org/10.1109/access.2019.2921522,8
International Journal of Molecular Sciences,14220067,Development of a Gut-on-a-Chip Model for High Throughput Disease Modeling and Drug Discovery,en,2019,11,12,23,https://doi.org/10.3390/ijms20225661,15
International Journal of Molecular Sciences,14220067,c-Met and PD-L1 on Circulating Exosomes as Diagnostic and Prognostic Markers for Pancreatic Cancer,en,2019,7,5,12,https://doi.org/10.3390/ijms20133305,4
IEEE Access,21693536,Unmanned Aerial Vehicles (UAVs): A Survey on Civil Applications and Key Research Challenges,en,2019,1,1,63,https://doi.org/10.1109/access.2019.2909530,9
International Journal of Molecular Sciences,14220067,Vascularized Bone-Mimetic Hydrogel Constructs by 3D Bioprinting to Promote Osteogenesis and Angiogenesis,en,2019,3,4,11,https://doi.org/10.3390/ijms20051096,7
International Journal of Molecular Sciences,14220067,Conditioned Medium from Human Mesenchymal Stromal Cells: Towards the Clinical Translation,en,2019,4,3,16,https://doi.org/10.3390/ijms20071656,7
International Journal of Molecular Sciences,14220067,PMN-MDSCs Enhance CTC Metastatic Properties through Reciprocal Interactions via ROS/Notch/Nodal Signaling,en,2019,4,18,20,https://doi.org/10.3390/ijms20081916,12
IEEE Access,21693536,Review of Deep Learning Algorithms and Architectures,en,2019,1,1,26,https://doi.org/10.1109/access.2019.2912200,2
International Journal of Molecular Sciences,14220067,Targeting the 16S rRNA Gene for Bacterial Identification in Complex Mixed Samples: Comparative Evaluation of Second (Illumina) and Third (Oxford Nanopore Technologies) Generation Sequencing Technologies,en,2019,12,31,22,https://doi.org/10.3390/ijms21010298,10
IEEE Access,21693536,Deep Learning Approach for Intelligent Intrusion Detection System,en,2019,1,1,26,https://doi.org/10.1109/access.2019.2895334,6
International Journal of Molecular Sciences,14220067,The Application of Selenium and Copper Nanoparticles Modifies the Biochemical Responses of Tomato Plants under Stress by Alternaria solani,en,2019,4,20,16,https://doi.org/10.3390/ijms20081950,8
International Journal of Molecular Sciences,14220067,BIOPEP-UWM Database of Bioactive Peptides: Current Opportunities,en,2019,11,27,23,https://doi.org/10.3390/ijms20235978,3
International Journal of Molecular Sciences,14220067,Transgene-Free Genome Editing in Tomato and Potato Plants Using Agrobacterium-Mediated Delivery of a CRISPR/Cas9 Cytidine Base Editor,en,2019,1,18,10,https://doi.org/10.3390/ijms20020402,8
International Journal of Molecular Sciences,14220067,Chitosan Ameliorates DSS-Induced Ulcerative Colitis Mice by Enhancing Intestinal Barrier Function and Improving Microflora,en,2019,11,15,12,https://doi.org/10.3390/ijms20225751,4
International Journal of Molecular Sciences,14220067,Exogenous Melatonin Counteracts NaCl-Induced Damage by Regulating the Antioxidant System Proline and Carbohydrates Metabolism in Tomato Seedlings,en,2019,1,16,23,https://doi.org/10.3390/ijms20020353,8
International Journal of Molecular Sciences,14220067,Quercetin Inhibits the Production of IL-1β-Induced Inflammatory Cytokines and Chemokines in ARPE-19 Cells via the MAPK and NF-κB Signaling Pathways,en,2019,6,17,24,https://doi.org/10.3390/ijms20122957,5
International Journal of Molecular Sciences,14220067,m6A Reader YTHDF2 Regulates LPS-Induced Inflammatory Response,en,2019,3,15,12,https://doi.org/10.3390/ijms20061323,5
International Journal of Molecular Sciences,14220067,Gut Microbiota and Predicted Metabolic Pathways in a Sample of Mexican Women Affected by Obesity and Obesity Plus Metabolic Syndrome,en,2019,1,21,18,https://doi.org/10.3390/ijms20020438,7
International Journal of Molecular Sciences,14220067,Moderate Physical Activity as a Prevention Method for Knee Osteoarthritis and the Role of Synoviocytes as Biological Key,en,2019,1,25,17,https://doi.org/10.3390/ijms20030511,10
International Journal of Molecular Sciences,14220067,Comparing the Osteogenic Potentials and Bone Regeneration Capacities of Bone Marrow and Dental Pulp Mesenchymal Stem Cells in a Rabbit Calvarial Bone Defect Model,en,2019,10,10,17,https://doi.org/10.3390/ijms20205015,5
International Journal of Molecular Sciences,14220067,mACPpred: A Support Vector Machine-Based Meta-Predictor for Identification of Anticancer Peptides,en,2019,4,22,14,https://doi.org/10.3390/ijms20081964,6
International Journal of Molecular Sciences,14220067,Role of PD-L1 Expression in Non-Small Cell Lung Cancer and Their Prognostic Significance according to Clinicopathological Factors and Diagnostic Markers,en,2019,2,14,15,https://doi.org/10.3390/ijms20040824,9
International Journal of Molecular Sciences,14220067,Chemi-Net: A Molecular Graph Convolutional Network for Accurate Drug Property Prediction,en,2019,7,10,17,https://doi.org/10.3390/ijms20143389,10
IEEE Access,21693536,Multi-Classification of Brain Tumor Images Using Deep Neural Network,en,2019,1,1,11,https://doi.org/10.1109/access.2019.2919122,3
IEEE Access,21693536,Blockchain-Based Soybean Traceability in Agricultural Supply Chain,en,2019,1,1,11,https://doi.org/10.1109/access.2019.2918000,4
IEEE Access,21693536,The Real-World-Weight Cross-Entropy Loss Function: Modeling the Costs of Mislabeling,en,2019,12,27,8,https://doi.org/10.1109/access.2019.2962617,2
IEEE Access,21693536,Real-Time Detection of Apple Leaf Diseases Using Deep Learning Approach Based on Improved Convolutional Neural Networks,en,2019,1,1,12,https://doi.org/10.1109/access.2019.2914929,5
IEEE Access,21693536,A Survey on the Role of IoT in Agriculture for the Implementation of Smart Farming,en,2019,1,1,35,https://doi.org/10.1109/access.2019.2949703,5
IEEE Access,21693536,5G Evolution: A View on 5G Cellular Technology Beyond 3GPP Release 15,en,2019,1,1,13,https://doi.org/10.1109/access.2019.2939938,4
IEEE Access,21693536,BadNets: Evaluating Backdooring Attacks on Deep Neural Networks,en,2019,1,1,15,https://doi.org/10.1109/access.2019.2909068,4
IEEE Access,21693536,Blockchain for AI: Review and Open Research Challenges,en,2019,1,1,23,https://doi.org/10.1109/access.2018.2890507,4
IEEE Access,21693536,A Survey on Consensus Mechanisms and Mining Strategy Management in Blockchain Networks,en,2019,1,1,43,https://doi.org/10.1109/access.2019.2896108,8
IEEE Access,21693536,Internet-of-Things (IoT)-Based Smart Agriculture: Toward Making the Fields Talk,en,2019,1,1,33,https://doi.org/10.1109/access.2019.2932609,5
IEEE Access,21693536,A Survey of Blockchain From the Perspectives of Applications Challenges and Opportunities,en,2019,1,1,18,https://doi.org/10.1109/access.2019.2936094,3
IEEE Access,21693536,A Survey on Digital Twin: Definitions Characteristics Applications and Design Implications,en,2019,1,1,19,https://doi.org/10.1109/access.2019.2953499,3
IEEE Access,21693536,A Survey of Deep Learning-Based Object Detection,en,2019,1,1,32,https://doi.org/10.1109/access.2019.2939201,7
IEEE Access,21693536,A Survey on IoT Security: Application Areas Security Threats and Solution Architectures,en,2019,1,1,23,https://doi.org/10.1109/access.2019.2924045,6
IEEE Access,21693536,Effective Heart Disease Prediction Using Hybrid Machine Learning Techniques,en,2019,1,1,13,https://doi.org/10.1109/access.2019.2923707,3
International Journal of Molecular Sciences,14220067,The Effect of Psyllium Husk on Intestinal Microbiota in Constipated Patients and Healthy Controls,en,2019,1,20,12,https://doi.org/10.3390/ijms20020433,10
International Journal of Molecular Sciences,14220067,COVID-19 and Individual Genetic Susceptibility/Receptivity: Role of ACE1/ACE2 Genes Immunity Inflammation and Coagulation. Might the Double X-Chromosome in Females Be Protective against SARS-CoV-2 Compared to the Single X-Chromosome in Males?,en,2020,5,14,23,https://doi.org/10.3390/ijms21103474,6
IEEE Access,21693536,Digital Twin: Enabling Technologies Challenges and Open Research,en,2020,1,1,20,https://doi.org/10.1109/access.2020.2998358,4
International Journal of Molecular Sciences,14220067,Nanoplastics Cause Neurobehavioral Impairments Reproductive and Oxidative Damages and Biomarker Responses in Zebrafish: Throwing up Alarms of Wide Spread Health Risk of Exposure,en,2020,2,19,29,https://doi.org/10.3390/ijms21041410,9
International Journal of Molecular Sciences,14220067,Essential Oils as Antiviral Agents Potential of Essential Oils to Treat SARS-CoV-2 Infection: An In-Silico Investigation,en,2020,5,12,35,https://doi.org/10.3390/ijms21103426,4
International Journal of Molecular Sciences,14220067,Sex-Specific SARS-CoV-2 Mortality: Among Hormone-Modulated ACE2 Expression Risk of Venous Thromboembolism and Hypovitaminosis D,en,2020,4,22,6,https://doi.org/10.3390/ijms21082948,6
International Journal of Molecular Sciences,14220067,Use of H2O2 to Cause Oxidative Stress the Catalase Issue,en,2020,11,30,14,https://doi.org/10.3390/ijms21239149,4
International Journal of Molecular Sciences,14220067,A Novel Reverse Transcription Loop-Mediated Isothermal Amplification Method for Rapid Detection of SARS-CoV-2,en,2020,4,18,10,https://doi.org/10.3390/ijms21082826,6
IEEE Access,21693536,Can AI Help in Screening Viral and COVID-19 Pneumonia?,en,2020,1,1,12,https://doi.org/10.1109/access.2020.3010287,12
International Journal of Molecular Sciences,14220067,Investigation of Some Antiviral N-Heterocycles as COVID 19 Drug: Molecular Docking and DFT Calculations,en,2020,5,30,13,https://doi.org/10.3390/ijms21113922,4
International Journal of Molecular Sciences,14220067,The Effect of Novel 7-methyl-5-phenyl-pyrazolo[43-e]tetrazolo[45-b][124]triazine Sulfonamide Derivatives on Apoptosis and Autophagy in DLD-1 and HT-29 Colon Cancer Cells,en,2020,7,23,18,https://doi.org/10.3390/ijms21155221,5
International Journal of Molecular Sciences,14220067,Large-Scale Plasma Analysis Revealed New Mechanisms and Molecules Associated with the Host Response to SARS-CoV-2,en,2020,11,16,25,https://doi.org/10.3390/ijms21228623,25
International Journal of Molecular Sciences,14220067,Existence of SARS-CoV-2 Entry Molecules in the Oral Cavity,en,2020,8,20,16,https://doi.org/10.3390/ijms21176000,10
International Journal of Molecular Sciences,14220067,Structural and Evolutionary Analysis Indicate That the SARS-CoV-2 Mpro Is a Challenging Target for Small-Molecule Inhibitor Design,en,2020,4,28,17,https://doi.org/10.3390/ijms21093099,6
International Journal of Molecular Sciences,14220067,Fecal Microbiota Transplantation Prevents Intestinal Injury Upregulation of Toll-Like Receptors and 5-Fluorouracil/Oxaliplatin-Induced Toxicity in Colorectal Cancer,en,2020,1,8,23,https://doi.org/10.3390/ijms21020386,12
International Journal of Molecular Sciences,14220067,A Complete Cross Section Data Set for Electron Scattering by Pyridine: Modelling Electron Transport in the Energy Range 0–100 eV,en,2020,9,22,20,https://doi.org/10.3390/ijms21186947,19
International Journal of Molecular Sciences,14220067,Prediction of Novel Inhibitors of the Main Protease (M-pro) of SARS-CoV-2 through Consensus Docking and Drug Reposition,en,2020,5,27,29,https://doi.org/10.3390/ijms21113793,8
International Journal of Molecular Sciences,14220067,Could Intravenous Immunoglobulin Collected from Recovered Coronavirus Patients Protect against COVID-19 and Strengthen the Immune System of New Patients?,en,2020,3,25,5,https://doi.org/10.3390/ijms21072272,1
International Journal of Molecular Sciences,14220067,Potential Inhibitors for Novel Coronavirus Protease Identified by Virtual Screening of 606 Million Compounds,en,2020,5,21,17,https://doi.org/10.3390/ijms21103626,5
International Journal of Molecular Sciences,14220067,Green Synthesis of Silver Nanoparticles Using Pseudoduganella eburnea MAHUQ-39 and Their Antimicrobial Mechanisms Investigation against Drug Resistant Human Pathogens,en,2020,2,22,14,https://doi.org/10.3390/ijms21041510,1
International Journal of Molecular Sciences,14220067,CD8 T Cell Score as a Prognostic Biomarker for Triple Negative Breast Cancer,en,2020,9,22,16,https://doi.org/10.3390/ijms21186968,8
International Journal of Molecular Sciences,14220067,Transport of Extracellular Vesicles across the Blood-Brain Barrier: Brain Pharmacokinetics and Effects of Inflammation,en,2020,6,21,21,https://doi.org/10.3390/ijms21124407,6
IEEE Access,21693536,Contrastive Representation Learning: A Framework and Review,en,2020,1,1,28,https://doi.org/10.1109/access.2020.3031549,3
IEEE Access,21693536,Unsupervised K-Means Clustering Algorithm,en,2020,1,1,12,https://doi.org/10.1109/access.2020.2988796,2
IEEE Access,21693536,Pymoo: Multi-Objective Optimization in Python,en,2020,1,1,13,https://doi.org/10.1109/access.2020.2990567,2
IEEE Access,21693536,A Survey of Autonomous Driving: <i>Common Practices and Emerging Technologies</i>,en,2020,1,1,27,https://doi.org/10.1109/access.2020.2983149,4
IEEE Access,21693536,Digital Twin: Values Challenges and Enablers From a Modeling Perspective,en,2020,1,1,33,https://doi.org/10.1109/access.2020.2970143,3
IEEE Access,21693536,6G and Beyond: The Future of Wireless Communications Systems,en,2020,1,1,36,https://doi.org/10.1109/access.2020.3010896,3
IEEE Access,21693536,An Overview on Edge Computing Research,en,2020,1,1,15,https://doi.org/10.1109/access.2020.2991734,4
IEEE Access,21693536,A Survey of Multi-Access Edge Computing in 5G and Beyond: Fundamentals Technology Integration and State-of-the-Art,en,2020,1,1,44,https://doi.org/10.1109/access.2020.3001277,8
IEEE Access,21693536,Artificial Intelligence and COVID-19: Deep Learning Approaches for Diagnosis and Treatment,en,2020,1,1,15,https://doi.org/10.1109/access.2020.3001973,20
IEEE Access,21693536,Explainable Machine Learning for Scientific Insights and Discoveries,en,2020,1,1,17,https://doi.org/10.1109/access.2020.2976199,4
IEEE Access,21693536,Reconfigurable Intelligent Surface-Based Wireless Communications: Antenna Design Prototyping and Experimental Results,en,2020,1,1,11,https://doi.org/10.1109/access.2020.2977772,12
IEEE Access,21693536,Analysis of Dimensionality Reduction Techniques on Big Data,en,2020,1,1,13,https://doi.org/10.1109/access.2020.2980942,7
IEEE Access,21693536,LSTM-CNN Architecture for Human Activity Recognition,en,2020,1,1,12,https://doi.org/10.1109/access.2020.2982225,3
IEEE Access,21693536,Deep Learning Algorithms for Bearing Fault Diagnostics—A Comprehensive Review,en,2020,1,1,25,https://doi.org/10.1109/access.2020.2972859,4
IEEE Access,21693536,A Survey of COVID-19 Contact Tracing Apps,en,2020,1,1,25,https://doi.org/10.1109/access.2020.3010226,10
IEEE Access,21693536,Solutions to Scalability of Blockchain: A Survey,en,2020,1,1,16,https://doi.org/10.1109/access.2020.2967218,4
IEEE Access,21693536,Communications in the 6G Era,en,2020,1,1,12,https://doi.org/10.1109/access.2020.2981745,2
IEEE Access,21693536,CovidGAN: Data Augmentation Using Auxiliary Classifier GAN for Improved Covid-19 Detection,en,2020,1,1,8,https://doi.org/10.1109/access.2020.2994762,6
International Journal of Molecular Sciences,14220067,RT-qPCR Testing of SARS-CoV-2: A Primer,en,2020,4,24,9,https://doi.org/10.3390/ijms21083004,2
IEEE Access,21693536,Northern Goshawk Optimization: A New Swarm-Based Algorithm for Solving Optimization Problems,en,2021,1,1,22,https://doi.org/10.1109/access.2021.3133286,3
IEEE Access,21693536,The Role of AI Machine Learning and Big Data in Digital Twinning: A Systematic Literature Review Challenges and Opportunities,en,2021,1,1,23,https://doi.org/10.1109/access.2021.3060863,5
IEEE Access,21693536,A Term Weighted Neural Language Model and Stacked Bidirectional LSTM Based Framework for Sarcasm Identification,en,2021,1,1,22,https://doi.org/10.1109/access.2021.3049734,2
IEEE Access,21693536,6G Wireless Communications Networks: A Comprehensive Survey,en,2021,1,1,53,https://doi.org/10.1109/access.2021.3124812,10
IEEE Access,21693536,Improving the Prediction of Heart Failure Patients’ Survival Using SMOTE and Effective Data Mining Techniques,en,2021,1,1,10,https://doi.org/10.1109/access.2021.3064084,7
IEEE Access,21693536,INet: Convolutional Networks for Biomedical Image Segmentation,en,2021,1,1,13,https://doi.org/10.1109/access.2021.3053408,2
IEEE Access,21693536,A Survey on Blockchain Technology: Evolution Architecture and Security,en,2021,1,1,26,https://doi.org/10.1109/access.2021.3072849,9
IEEE Access,21693536,Convergent Communication Sensing and Localization in 6G Systems: An Overview of Technologies Opportunities and Challenges,en,2021,1,1,24,https://doi.org/10.1109/access.2021.3053486,20
IEEE Access,21693536,Efficient Prediction of Cardiovascular Disease Using Machine Learning Algorithms With Relief and LASSO Feature Selection Techniques,en,2021,1,1,23,https://doi.org/10.1109/access.2021.3053759,9
IEEE Access,21693536,Metaheuristic Algorithms on Feature Selection: A Survey of One Decade of Research (2009-2019),en,2021,1,1,26,https://doi.org/10.1109/access.2021.3056407,4
IEEE Access,21693536,Plant Disease Detection and Classification by Deep Learning—A Review,en,2021,1,1,16,https://doi.org/10.1109/access.2021.3069646,3
IEEE Access,21693536,Enabling Large Intelligent Surfaces With Compressive Sensing and Deep Learning,en,2021,1,1,18,https://doi.org/10.1109/access.2021.3064073,3
IEEE Access,21693536,A Short-Term Load Forecasting Method Using Integrated CNN and LSTM Network,en,2021,1,1,13,https://doi.org/10.1109/access.2021.3060654,4
IEEE Access,21693536,Joint Design of Communication and Sensing for Beyond 5G and 6G Systems,en,2021,1,1,13,https://doi.org/10.1109/access.2021.3059488,3
IEEE Access,21693536,Inductive Wireless Power Transfer Charging for Electric Vehicles–A Review,en,2021,1,1,47,https://doi.org/10.1109/access.2021.3116678,3
IEEE Access,21693536,A Novel Deep-Learning Model for Automatic Detection and Classification of Breast Cancer Using the Transfer-Learning Technique,en,2021,1,1,16,https://doi.org/10.1109/access.2021.3079204,5
IEEE Access,21693536,Deep Learning for Anomaly Detection in Time-Series Data: Review Analysis and Guidelines,en,2021,1,1,23,https://doi.org/10.1109/access.2021.3107975,4
International Journal of Molecular Sciences,14220067,Antioxidant vs. Prooxidant Properties of the Flavonoid Kaempferol in the Presence of Cu(II) Ions: A ROS-Scavenging Activity Fenton Reaction and DNA Damage Study,en,2021,2,5,17,https://doi.org/10.3390/ijms22041619,9
International Journal of Molecular Sciences,14220067,SAAFEC-SEQ: A Sequence-Based Method for Predicting the Effect of Single Point Mutations on Protein Thermodynamic Stability,en,2021,1,9,11,https://doi.org/10.3390/ijms22020606,3
IEEE Access,21693536,Benchmarking of Machine Learning for Anomaly Based Intrusion Detection Systems in the CICIDS2017 Dataset,en,2021,1,1,20,https://doi.org/10.1109/access.2021.3056614,5
International Journal of Molecular Sciences,14220067,Machine Learning-Based Radiomics Signatures for EGFR and KRAS Mutations Prediction in Non-Small-Cell Lung Cancer,en,2021,8,26,14,https://doi.org/10.3390/ijms22179254,6
International Journal of Molecular Sciences,14220067,CRISPR/Cas9-Mediated Generation of Pathogen-Resistant Tomato against Tomato Yellow Leaf Curl Virus and Powdery Mildew,en,2021,2,13,18,https://doi.org/10.3390/ijms22041878,7
International Journal of Molecular Sciences,14220067,Catalase (CAT) Gene Family in Rapeseed (Brassica napus L.): Genome-Wide Analysis Identification and Expression Pattern in Response to Multiple Hormones and Abiotic Stress Conditions,en,2021,4,20,20,https://doi.org/10.3390/ijms22084281,9
International Journal of Molecular Sciences,14220067,Hybrid Methacrylated Gelatin and Hyaluronic Acid Hydrogel Scaffolds. Preparation and Systematic Characterization for Prospective Tissue Engineering Applications,en,2021,6,23,26,https://doi.org/10.3390/ijms22136758,11
International Journal of Molecular Sciences,14220067,Green Synthesis of Chromium Oxide Nanoparticles for Antibacterial Antioxidant Anticancer and Biocompatibility Activities,en,2021,1,6,17,https://doi.org/10.3390/ijms22020502,6
International Journal of Molecular Sciences,14220067,Plant Extracellular Vesicles and Nanovesicles: Focus on Secondary Metabolites Proteins and Lipids with Perspectives on Their Potential and Sources,en,2021,4,2,20,https://doi.org/10.3390/ijms22073719,9
International Journal of Molecular Sciences,14220067,Exploring the Binding Mechanism of PF-07321332 SARS-CoV-2 Protease Inhibitor through Molecular Dynamics and Binding Free Energy Simulations,en,2021,8,24,13,https://doi.org/10.3390/ijms22179124,5
International Journal of Molecular Sciences,14220067,Adsorption of Malachite Green and Alizarin Red S Dyes Using Fe-BTC Metal Organic Framework as Adsorbent,en,2021,1,14,14,https://doi.org/10.3390/ijms22020788,5
International Journal of Molecular Sciences,14220067,Bioactive Carboxymethyl Starch-Based Hydrogels Decorated with CuO Nanoparticles: Antioxidant and Antimicrobial Properties and Accelerated Wound Healing In Vivo,en,2021,3,3,18,https://doi.org/10.3390/ijms22052531,6
International Journal of Molecular Sciences,14220067,First Report of CRISPR/Cas9 Mediated DNA-Free Editing of 4CL and RVE7 Genes in Chickpea Protoplasts,en,2021,1,1,15,https://doi.org/10.3390/ijms22010396,3
International Journal of Molecular Sciences,14220067,TNMplot.com: A Web Tool for the Comparison of Gene Expression in Normal Tumor and Metastatic Tissues,en,2021,3,5,12,https://doi.org/10.3390/ijms22052622,2
International Journal of Molecular Sciences,14220067,The MTT Assay: Utility Limitations Pitfalls and Interpretation in Bulk and Single-Cell Analysis,en,2021,11,26,30,https://doi.org/10.3390/ijms222312827,4
International Journal of Molecular Sciences,14220067,Empagliflozin Attenuates Non-Alcoholic Fatty Liver Disease (NAFLD) in High Fat Diet Fed ApoE(-/-) Mice by Activating Autophagy and Reducing ER Stress and Apoptosis,en,2021,1,15,21,https://doi.org/10.3390/ijms22020818,15
IEEE Access,21693536,Design and Development of a Deep Learning-Based Model for Anomaly Detection in IoT Networks,en,2021,1,1,21,https://doi.org/10.1109/access.2021.3094024,2
International Journal of Molecular Sciences,14220067,Differential Therapeutic Effect of Extracellular Vesicles Derived by Bone Marrow and Adipose Mesenchymal Stem Cells on Wound Healing of Diabetic Ulcers and Correlation to Their Cargoes,en,2021,4,8,26,https://doi.org/10.3390/ijms22083851,13
International Journal of Molecular Sciences,14220067,A Single Dose of Psilocybin Increases Synaptic Density and Decreases 5-HT2A Receptor Density in the Pig Brain,en,2021,1,15,14,https://doi.org/10.3390/ijms22020835,7
International Journal of Molecular Sciences,14220067,Comparative Proteomic Analysis of the Mesenchymal Stem Cells Secretome from Adipose Bone Marrow Placenta and Wharton’s Jelly,en,2021,1,15,16,https://doi.org/10.3390/ijms22020845,9
International Journal of Molecular Sciences,14220067,Bovine Milk-Derived Exosomes as a Drug Delivery Vehicle for miRNA-Based Therapy,en,2021,1,22,18,https://doi.org/10.3390/ijms22031105,8
International Journal of Molecular Sciences,14220067,Interaction of Intestinal Bacteria with Human Rotavirus during Infection in Children,en,2021,1,20,12,https://doi.org/10.3390/ijms22031010,12
IEEE Access,21693536,Geometric A-Star Algorithm: An Improved A-Star Algorithm for AGV Path Planning in a Port Environment,en,2021,1,1,15,https://doi.org/10.1109/access.2021.3070054,5
International Journal of Molecular Sciences,14220067,Long COVID: Association of Functional Autoantibodies against G-Protein-Coupled Receptors with an Impaired Retinal Microcirculation,en,2022,6,29,17,https://doi.org/10.3390/ijms23137209,22
International Journal of Molecular Sciences,14220067,Single-Cell RNA-Seq Analysis of Cells from Degenerating and Non-Degenerating Intervertebral Discs from the Same Individual Reveals New Biomarkers for Intervertebral Disc Degeneration,en,2022,4,3,36,https://doi.org/10.3390/ijms23073993,7
International Journal of Molecular Sciences,14220067,MUC1 Tissue Expression and Its Soluble Form CA15-3 Identify a Clear Cell Renal Cell Carcinoma with Distinct Metabolic Profile and Poor Clinical Outcome,en,2022,11,12,26,https://doi.org/10.3390/ijms232213968,11
International Journal of Molecular Sciences,14220067,TNF-α and IL-1β Modulate Blood-Brain Barrier Permeability and Decrease Amyloid-β Peptide Efflux in a Human Blood-Brain Barrier Model,en,2022,9,6,22,https://doi.org/10.3390/ijms231810235,5
International Journal of Molecular Sciences,14220067,Dependence of Structural Morphological and Magnetic Properties of Manganese Ferrite on Ni-Mn Substitution,en,2022,3,13,15,https://doi.org/10.3390/ijms23063097,5
International Journal of Molecular Sciences,14220067,Investigation of Structural Morphological and Magnetic Properties of MFe2O4 (M = Co Ni Zn Cu Mn) Obtained by Thermal Decomposition,en,2022,7,30,11,https://doi.org/10.3390/ijms23158483,3
International Journal of Molecular Sciences,14220067,Exogenously-Sourced Ethylene Positively Modulates Photosynthesis Carbohydrate Metabolism and Antioxidant Defense to Enhance Heat Tolerance in Rice,en,2022,1,18,25,https://doi.org/10.3390/ijms23031031,6
International Journal of Molecular Sciences,14220067,Phenotypic and Transcriptional Changes of Pulmonary Immune Responses in Dogs Following Canine Distemper Virus Infection,en,2022,9,2,31,https://doi.org/10.3390/ijms231710019,9
International Journal of Molecular Sciences,14220067,Kaempferol Can Reverse the 5-Fu Resistance of Colorectal Cancer Cells by Inhibiting PKM2-Mediated Glycolysis,en,2022,3,24,13,https://doi.org/10.3390/ijms23073544,6
International Journal of Molecular Sciences,14220067,Synthesis Mechanisms Structural Models and Photothermal Therapy Applications of Top-Down Carbon Dots from Carbon Powder Graphite Graphene and Carbon Nanotubes,en,2022,1,27,21,https://doi.org/10.3390/ijms23031456,9
International Journal of Molecular Sciences,14220067,Rigid Schiff Base Complex Supermolecular Aggregates as a High-Performance pH Probe: Study on the Enhancement of the Aggregation-Caused Quenching (ACQ) Effect via the Substitution of Halogen Atoms,en,2022,6,2,17,https://doi.org/10.3390/ijms23116259,8
International Journal of Molecular Sciences,14220067,Influence of Acidic pH on Wound Healing In Vivo: A Novel Perspective for Wound Treatment,en,2022,11,7,15,https://doi.org/10.3390/ijms232113655,5
International Journal of Molecular Sciences,14220067,The SwissSimilarity 2021 Web Tool: Novel Chemical Libraries and Additional Methods for an Enhanced Ligand-Based Virtual Screening Experience,en,2022,1,12,10,https://doi.org/10.3390/ijms23020811,5
International Journal of Molecular Sciences,14220067,AlphaFold2: A Role for Disordered Protein/Region Prediction?,en,2022,4,21,14,https://doi.org/10.3390/ijms23094591,3
International Journal of Molecular Sciences,14220067,Investigation of the Associations of Novel Inflammatory Biomarkers—Systemic Inflammatory Index (SII) and Systemic Inflammatory Response Index (SIRI)—With the Severity of Coronary Artery Disease and Acute Coronary Syndrome Occurrence,en,2022,8,23,14,https://doi.org/10.3390/ijms23179553,7
International Journal of Molecular Sciences,14220067,Essential Hypertension and Oxidative Stress: Novel Future Perspectives,en,2022,11,21,17,https://doi.org/10.3390/ijms232214489,6
International Journal of Molecular Sciences,14220067,Milk-Derived Exosomes as Nanocarriers to Deliver Curcumin and Resveratrol in Breast Tissue and Enhance Their Anticancer Activity,en,2022,3,5,16,https://doi.org/10.3390/ijms23052860,10
International Journal of Molecular Sciences,14220067,Evolutionary Invariant of the Structure of DNA Double Helix in RNAP II Core Promoters,en,2022,9,17,29,https://doi.org/10.3390/ijms231810873,3
International Journal of Molecular Sciences,14220067,Intramyocardial Inflammation after COVID-19 Vaccination: An Endomyocardial Biopsy-Proven Case Series,en,2022,6,22,13,https://doi.org/10.3390/ijms23136940,20
IEEE Access,21693536,Explainable AI for Healthcare 5.0: Opportunities and Challenges,en,2022,1,1,32,https://doi.org/10.1109/access.2022.3197671,8
IEEE Access,21693536,Deepfake Detection: A Systematic Literature Review,en,2022,1,1,20,https://doi.org/10.1109/access.2022.3154404,4
IEEE Access,21693536,IoT-Equipped and AI-Enabled Next Generation Smart Agriculture: A Critical Review Current Challenges and Future Trends,en,2022,1,1,17,https://doi.org/10.1109/access.2022.3152544,3
IEEE Access,21693536,Zebra Optimization Algorithm: A New Bio-Inspired Optimization Algorithm for Solving Optimization Algorithm,en,2022,1,1,29,https://doi.org/10.1109/access.2022.3172789,3
IEEE Access,21693536,Systematic Review of Security Vulnerabilities in Ethereum Blockchain Smart Contract,en,2022,1,1,17,https://doi.org/10.1109/access.2021.3140091,5
IEEE Access,21693536,Privacy-Preserving Machine Learning With Fully Homomorphic Encryption for Deep Neural Network,en,2022,1,1,16,https://doi.org/10.1109/access.2022.3159694,11
IEEE Access,21693536,MLCM: Multi-Label Confusion Matrix,en,2022,1,1,13,https://doi.org/10.1109/access.2022.3151048,3
IEEE Access,21693536,Prediction of User’s Intention to Use Metaverse System in Medical Education: A Hybrid SEM-ML Learning Approach,en,2022,1,1,14,https://doi.org/10.1109/access.2022.3169285,3
IEEE Access,21693536,War Strategy Optimization Algorithm: A New Effective Metaheuristic Algorithm for Global Optimization,en,2022,1,1,33,https://doi.org/10.1109/access.2022.3153493,8
IEEE Access,21693536,On the History and Future of 100% Renewable Energy Systems Research,en,2022,1,1,43,https://doi.org/10.1109/access.2022.3193402,23
IEEE Access,21693536,Ebola Optimization Search Algorithm: A New Nature-Inspired Metaheuristic Optimization Algorithm,en,2022,1,1,28,https://doi.org/10.1109/access.2022.3147821,4
IEEE Access,21693536,A Survey of Ensemble Learning: Concepts Algorithms Applications and Prospects,en,2022,1,1,21,https://doi.org/10.1109/access.2022.3207287,2
IEEE Access,21693536,Edge-IIoTset: A New Comprehensive Realistic Cyber Security Dataset of IoT and IIoT Applications for Centralized and Federated Learning,en,2022,1,1,26,https://doi.org/10.1109/access.2022.3165809,5
IEEE Access,21693536,Particle Swarm Optimization: A Comprehensive Survey,en,2022,1,1,31,https://doi.org/10.1109/access.2022.3142859,6
IEEE Access,21693536,A Metaverse: Taxonomy Components Applications and Open Challenges,en,2022,1,1,43,https://doi.org/10.1109/access.2021.3140175,2
IEEE Access,21693536,Malignancy Detection in Lung and Colon Histopathology Images Using Transfer Learning With Class Selective Image Processing,en,2022,1,1,12,https://doi.org/10.1109/access.2022.3150924,7
IEEE Access,21693536,Healthcare in Metaverse: A Survey on Current Metaverse Applications in Healthcare,en,2022,1,1,33,https://doi.org/10.1109/access.2022.3219845,5
IEEE Access,21693536,Transformer Network for Remaining Useful Life Prediction of Lithium-Ion Batteries,en,2022,1,1,8,https://doi.org/10.1109/access.2022.3151975,3
IEEE Access,21693536,Prediction of Diabetes Empowered With Fused Machine Learning,en,2022,1,1,10,https://doi.org/10.1109/access.2022.3142097,8
IEEE Access,21693536,A Robust Approach for Brain Tumor Detection in Magnetic Resonance Images Using Finetuned EfficientNet,en,2022,1,1,13,https://doi.org/10.1109/access.2022.3184113,6
International Journal of Molecular Sciences,14220067,Broad-Spectrum Antiviral Activity of the Amphibian Antimicrobial Peptide Temporin L and Its Analogs,en,2022,2,13,23,https://doi.org/10.3390/ijms23042060,13
IEEE Access,21693536,Optimizing Step-Size of Perturb &amp; Observe and Incremental Conductance MPPT Techniques Using PSO for Grid-Tied PV System,en,2023,1,1,12,https://doi.org/10.1109/access.2023.3242979,6
IEEE Access,21693536,Advances in Batteries Battery Modeling Battery Management System Battery Thermal Management SOC SOH and Charge/Discharge Characteristics in EV Applications,en,2023,1,1,49,https://doi.org/10.1109/access.2023.3318121,6
IEEE Access,21693536,Chat2VIS: Generating Data Visualizations via Natural Language Using ChatGPT Codex and GPT-3 Large Language Models,en,2023,1,1,13,https://doi.org/10.1109/access.2023.3274199,2
IEEE Access,21693536,Brain Tumor Detection and Classification Using Intelligence Techniques: An Overview,en,2023,1,1,17,https://doi.org/10.1109/access.2023.3242666,4
IEEE Access,21693536,AlzheimerNet: An Effective Deep Learning Based Proposition for Alzheimer’s Disease Stages Classification From Functional Brain Changes in Magnetic Resonance Images,en,2023,1,1,20,https://doi.org/10.1109/access.2023.3244952,9
IEEE Access,21693536,An Innovative Converterless Solar PV Control Strategy for a Grid Connected Hybrid PV/Wind/Fuel-Cell System Coupled With Battery Energy Storage,en,2023,1,1,15,https://doi.org/10.1109/access.2023.3252891,4
IEEE Access,21693536,Blockchain for Healthcare Management Systems: A Survey on Interoperability and Security,en,2023,1,1,24,https://doi.org/10.1109/access.2023.3236505,4
IEEE Access,21693536,Improved Trust in Human-Robot Collaboration With ChatGPT,en,2023,1,1,7,https://doi.org/10.1109/access.2023.3282111,3
IEEE Access,21693536,Defining the Metaverse: A Systematic Literature Review,en,2023,1,1,10,https://doi.org/10.1109/access.2023.3241809,2
IEEE Access,21693536,Review of Electric Vehicle Charging Technologies Standards Architectures and Converter Configurations,en,2023,1,1,38,https://doi.org/10.1109/access.2023.3267164,6
IEEE Access,21693536,Machine Learning Operations (MLOps): Overview Definition and Architecture,en,2023,1,1,14,https://doi.org/10.1109/access.2023.3262138,3
IEEE Access,21693536,Exploring Students’ Perceptions of ChatGPT: Thematic Analysis and Follow-Up Survey,en,2023,1,1,14,https://doi.org/10.1109/access.2023.3268224,1
IEEE Access,21693536,From ChatGPT to ThreatGPT: Impact of Generative AI in Cybersecurity and Privacy,en,2023,1,1,28,https://doi.org/10.1109/access.2023.3300381,5
IEEE Access,21693536,Metaverse for Healthcare: A Survey on Potential Applications Challenges and Future Directions,en,2023,1,1,31,https://doi.org/10.1109/access.2023.3241628,10
IEEE Access,21693536,Color Image Encryption Through Chaos and KAA Map,en,2023,1,1,14,https://doi.org/10.1109/access.2023.3242311,5
IEEE Access,21693536,Blockchain Meets Metaverse and Digital Asset Management: A Comprehensive Survey,en,2023,1,1,31,https://doi.org/10.1109/access.2023.3257029,3
IEEE Access,21693536,An Interpretable Skin Cancer Classification Using Optimized Convolutional Neural Network for a Smart Healthcare System,en,2023,1,1,16,https://doi.org/10.1109/access.2023.3269694,5
IEEE Access,21693536,Machine-Generated Text: A Comprehensive Survey of Threat Models and Detection Methods,en,2023,1,1,26,https://doi.org/10.1109/access.2023.3294090,3
International Journal of Molecular Sciences,14220067,Design Hybrid Porous Organic/Inorganic Polymers Containing Polyhedral Oligomeric Silsesquioxane/Pyrene/Anthracene Moieties as a High-Performance Electrode for Supercapacitor,en,2023,1,28,14,https://doi.org/10.3390/ijms24032501,5
International Journal of Molecular Sciences,14220067,Rapid and Nondestructive Evaluation of Wheat Chlorophyll under Drought Stress Using Hyperspectral Imaging,en,2023,3,18,15,https://doi.org/10.3390/ijms24065825,10
International Journal of Molecular Sciences,14220067,Identification of Anoikis-Related Subgroups and Prognosis Model in Liver Hepatocellular Carcinoma,en,2023,2,2,21,https://doi.org/10.3390/ijms24032862,5
International Journal of Molecular Sciences,14220067,Extensive Angular Sampling Enables the Sensitive Localization of Macromolecules in Electron Tomograms,en,2023,8,29,19,https://doi.org/10.3390/ijms241713375,6
International Journal of Molecular Sciences,14220067,High Acetate Concentration Protects Intestinal Barrier and Exerts Anti-Inflammatory Effects in Organoid-Derived Epithelial Monolayer Cultures from Patients with Ulcerative Colitis,en,2023,1,1,14,https://doi.org/10.3390/ijms24010768,9
International Journal of Molecular Sciences,14220067,DeepSTABp: A Deep Learning Approach for the Prediction of Thermal Protein Stability,en,2023,4,18,15,https://doi.org/10.3390/ijms24087444,4
International Journal of Molecular Sciences,14220067,Optimization of Mobile Phase Modifiers for Fast LC-MS-Based Untargeted Metabolomics and Lipidomics,en,2023,1,19,14,https://doi.org/10.3390/ijms24031987,6
International Journal of Molecular Sciences,14220067,Streptozotocin-Induced Type 1 and 2 Diabetes Mellitus Mouse Models Show Different Functional Cellular and Molecular Patterns of Diabetic Cardiomyopathy,en,2023,1,6,22,https://doi.org/10.3390/ijms24021132,21
International Journal of Molecular Sciences,14220067,Uridine Alleviates Sepsis-Induced Acute Lung Injury by Inhibiting Ferroptosis of Macrophage,en,2023,3,7,19,https://doi.org/10.3390/ijms24065093,7
International Journal of Molecular Sciences,14220067,Beneficial Effects of Astragalus membranaceus (Fisch.) Bunge Extract in Controlling Inflammatory Response and Preventing Asthma Features,en,2023,6,30,19,https://doi.org/10.3390/ijms241310954,12
International Journal of Molecular Sciences,14220067,Antibacterial and Anti-Inflammatory Properties of ZnO Nanoparticles Synthesized by a Green Method Using Sargassum Extracts,en,2023,1,12,15,https://doi.org/10.3390/ijms24021474,7
International Journal of Molecular Sciences,14220067,High-Efficient Flame-Retardant Finishing of Cotton Fabrics Based on Phytic Acid,en,2023,1,6,16,https://doi.org/10.3390/ijms24021093,4
International Journal of Molecular Sciences,14220067,Canagliflozin Attenuates Lipotoxicity in Cardiomyocytes by Inhibiting Inflammation and Ferroptosis through Activating AMPK Pathway,en,2023,1,3,14,https://doi.org/10.3390/ijms24010858,8
International Journal of Molecular Sciences,14220067,MUC1 Expression Affects the Immunoflogosis in Renal Cell Carcinoma Microenvironment through Complement System Activation and Immune Infiltrate Modulation,en,2023,3,2,15,https://doi.org/10.3390/ijms24054814,14
International Journal of Molecular Sciences,14220067,Antibacterial Activity of Solvothermal Obtained ZnO Nanoparticles with Different Morphology and Photocatalytic Activity against a Dye Mixture: Methylene Blue Rhodamine B and Methyl Orange,en,2023,3,16,21,https://doi.org/10.3390/ijms24065677,7
International Journal of Molecular Sciences,14220067,ATF3/SPI1/SLC31A1 Signaling Promotes Cuproptosis Induced by Advanced Glycosylation End Products in Diabetic Myocardial Injury,en,2023,1,14,23,https://doi.org/10.3390/ijms24021667,13
International Journal of Molecular Sciences,14220067,Optimization of the Hemolysis Assay for the Assessment of Cytotoxicity,en,2023,2,2,20,https://doi.org/10.3390/ijms24032914,5
International Journal of Molecular Sciences,14220067,Diagnostic Significance of hsa-miR-21-5p hsa-miR-192-5p hsa-miR-155-5p hsa-miR-199a-5p Panel and Ratios in Hepatocellular Carcinoma on Top of Liver Cirrhosis in HCV-Infected Patients,en,2023,2,5,21,https://doi.org/10.3390/ijms24043157,18
IEEE Access,21693536,A Comprehensive Survey on TinyML,en,2023,1,1,31,https://doi.org/10.1109/access.2023.3294111,6
International Journal of Molecular Sciences,14220067,CLC-Pred 2.0: A Freely Available Web Application for In Silico Prediction of Human Cell Line Cytotoxicity and Molecular Mechanisms of Action for Druglike Compounds,en,2023,1,14,9,https://doi.org/10.3390/ijms24021689,11
IEEE Access,21693536,Innovative Trends in the 6G Era: A Comprehensive Survey of Architecture Applications Technologies and Challenges,en,2023,1,1,21,https://doi.org/10.1109/access.2023.3269297,5
International Journal of Molecular Sciences,14220067,C-Reactive Protein Levels and Risk of Cardiovascular Diseases: A Two-Sample Bidirectional Mendelian Randomization Study,en,2023,5,23,21,https://doi.org/10.3390/ijms24119129,5
IEEE Access,21693536,A Comprehensive Systematic Review of YOLO for Medical Object Detection (2018 to 2023),en,2024,1,1,22,https://doi.org/10.1109/access.2024.3386826,8
IEEE Access,21693536,ChatGPT for Robotics: Design Principles and Model Abilities,en,2024,1,1,15,https://doi.org/10.1109/access.2024.3387941,4
IEEE Access,21693536,The Optimization of Carbon Emission Prediction in Low Carbon Energy Economy Under Big Data,en,2024,1,1,13,https://doi.org/10.1109/access.2024.3351468,4
IEEE Access,21693536,YOLOv1 to v8: Unveiling Each Variant–A Comprehensive Review of YOLO,en,2024,1,1,18,https://doi.org/10.1109/access.2024.3378568,1
IEEE Access,21693536,Generative AI for Transformative Healthcare: A Comprehensive Study of Emerging Models Applications Case Studies and Limitations,en,2024,1,1,29,https://doi.org/10.1109/access.2024.3367715,6
IEEE Access,21693536,A Comprehensive Survey: Evaluating the Efficiency of Artificial Intelligence and Machine Learning Techniques on Cyber Security Solutions,en,2024,1,1,28,https://doi.org/10.1109/access.2024.3355547,7
IEEE Access,21693536,A Comprehensive Survey of Deep Transfer Learning for Anomaly Detection in Industrial Time Series: Methods Applications and Directions,en,2024,1,1,22,https://doi.org/10.1109/access.2023.3349132,7
IEEE Access,21693536,CIFAKE: Image Classification and Explainable Identification of AI-Generated Synthetic Images,en,2024,1,1,9,https://doi.org/10.1109/access.2024.3356122,2
IEEE Access,21693536,A New Hyperjerk System With a Half Line Equilibrium: Multistability Period Doubling Reversals Antimonotonocity Electronic Circuit FPGA Design and an Application to Image Encryption,en,2024,1,1,18,https://doi.org/10.1109/access.2024.3351693,9
IEEE Access,21693536,Stochastic Gradient Descent Intrusions Detection for Wireless Sensor Network Attack Detection System Using Machine Learning,en,2024,1,1,12,https://doi.org/10.1109/access.2023.3349248,3
IEEE Access,21693536,A Comprehensive Survey on 5G-and-Beyond Networks With UAVs: Applications Emerging Technologies Regulatory Aspects Research Trends and Challenges,en,2024,1,1,41,https://doi.org/10.1109/access.2023.3349208,8
IEEE Access,21693536,Image Encryption Based on Fourier-DNA Coding for Hyperchaotic Chen System Chen-Based Binary Quantization S-Box and Variable-Base Modulo Operation,en,2024,1,1,22,https://doi.org/10.1109/access.2024.3363018,3
IEEE Access,21693536,Graphene-Metamaterial Based Tunable Broadband Polarization Insensitive Absorber for Terahertz Antenna Design,en,2024,1,1,14,https://doi.org/10.1109/access.2024.3382713,4
IEEE Access,21693536,Revolutionizing Cyber Threat Detection With Large Language Models: A Privacy-Preserving BERT-Based Lightweight Model for IoT/IIoT Devices,en,2024,1,1,18,https://doi.org/10.1109/access.2024.3363469,7
IEEE Access,21693536,Application of Semi-Supervised Learning in Image Classification: Research on Fusion of Labeled and Unlabeled Data,en,2024,1,1,13,https://doi.org/10.1109/access.2024.3367772,6
IEEE Access,21693536,Privacy and Security Concerns in Generative AI: A Comprehensive Survey,en,2024,1,1,19,https://doi.org/10.1109/access.2024.3381611,7
IEEE Access,21693536,Illumination Induced Negative Differential Resistance in InGaAs Avalanche Photodiode,en,2024,1,1,10,https://doi.org/10.1109/access.2024.3383836,10
IEEE Access,21693536,Explainable Artificial Intelligence for Autonomous Driving: A Comprehensive Overview and Field Guide for Future Research Directions,en,2024,1,1,23,https://doi.org/10.1109/access.2024.3431437,4
International Journal of Molecular Sciences,14220067,Hydrogel-Based Skin Regeneration,en,2024,2,6,25,https://doi.org/10.3390/ijms25041982,6
International Journal of Molecular Sciences,14220067,The Role of Prebiotics in Modulating Gut Microbiota: Implications for Human Health,en,2024,4,29,14,https://doi.org/10.3390/ijms25094834,4
International Journal of Molecular Sciences,14220067,The Role of Pro-Inflammatory Cytokines in the Pathogenesis of Cardiovascular Disease,en,2024,1,16,36,https://doi.org/10.3390/ijms25021082,2
International Journal of Molecular Sciences,14220067,Trials and Tribulations of MicroRNA Therapeutics,en,2024,1,25,41,https://doi.org/10.3390/ijms25031469,1
International Journal of Molecular Sciences,14220067,Oxidative Stress: The Role of Antioxidant Phytochemicals in the Prevention and Treatment of Diseases,en,2024,3,13,22,https://doi.org/10.3390/ijms25063264,4
International Journal of Molecular Sciences,14220067,Role of Leptin in Obesity Cardiovascular Disease and Type 2 Diabetes,en,2024,2,16,21,https://doi.org/10.3390/ijms25042338,13
International Journal of Molecular Sciences,14220067,Role of SLC7A11/xCT in Ovarian Cancer,en,2024,1,2,17,https://doi.org/10.3390/ijms25010587,8
International Journal of Molecular Sciences,14220067,Biodegradation of Typical Plastics: From Microbial Diversity to Metabolic Mechanisms,en,2024,1,2,25,https://doi.org/10.3390/ijms25010593,4
International Journal of Molecular Sciences,14220067,Targeting the Warburg Effect in Cancer: Where Do We Stand?,en,2024,3,8,17,https://doi.org/10.3390/ijms25063142,3
International Journal of Molecular Sciences,14220067,New Insights into Oxidative Stress and Inflammatory Response in Neurodegenerative Diseases,en,2024,2,26,22,https://doi.org/10.3390/ijms25052698,9
IEEE Access,21693536,Advancing Fake News Detection: Hybrid Deep Learning With FastText and Explainable AI,en,2024,1,1,19,https://doi.org/10.1109/access.2024.3381038,5
International Journal of Molecular Sciences,14220067,Catastrophic Antiphospholipid Syndrome,en,2024,1,4,21,https://doi.org/10.3390/ijms25010668,18
International Journal of Molecular Sciences,14220067,Exploring the Potential of Bioactive Peptides: From Natural Sources to Therapeutics,en,2024,1,23,35,https://doi.org/10.3390/ijms25031391,3
International Journal of Molecular Sciences,14220067,Comprehensive Investigation of Cu2+ Adsorption from Wastewater Using Olive-Waste-Derived Adsorbents: Experimental and Molecular Insights,en,2024,1,14,21,https://doi.org/10.3390/ijms25021028,11
International Journal of Molecular Sciences,14220067,Folate Receptor Alpha—A Novel Approach to Cancer Therapy,en,2024,1,15,18,https://doi.org/10.3390/ijms25021046,4
International Journal of Molecular Sciences,14220067,The Role of Endocrine Disruptors Bisphenols and Phthalates in Obesity: Current Evidence Perspectives and Controversies,en,2024,1,4,37,https://doi.org/10.3390/ijms25010675,7
International Journal of Molecular Sciences,14220067,Heat Shock Response and Heat Shock Proteins: Current Understanding and Future Opportunities in Human Diseases,en,2024,4,10,31,https://doi.org/10.3390/ijms25084209,8
International Journal of Molecular Sciences,14220067,Current Approaches to Worsening Heart Failure: Pathophysiological and Molecular Insights,en,2024,1,26,21,https://doi.org/10.3390/ijms25031574,17
International Journal of Molecular Sciences,14220067,Antioxidant Metabolism Pathways in Vitamins Polyphenols and Selenium: Parallels and Divergences,en,2024,2,23,39,https://doi.org/10.3390/ijms25052600,5
International Journal of Molecular Sciences,14220067,Antimicrobial Peptides towards Clinical Application—A Long History to Be Concluded,en,2024,4,29,20,https://doi.org/10.3390/ijms25094870,3
International Journal of Molecular Sciences,14220067,Targeting PI3K/AKT/mTOR and MAPK Signaling Pathways in Gastric Cancer,en,2024,2,3,26,https://doi.org/10.3390/ijms25031848,12
IEEE Access,21693536,Traffic Improvement in Manhattan Road Networks With the Use of Parallel Hybrid Biobjective Genetic Algorithm,en,2024,1,1,21,https://doi.org/10.1109/access.2024.3361399,2
